id,sku,name,seller_product_id,seller_id,tracking_info_amplitude,inventory_status,inventory_type,data_version,day_ago_created,brand_or_author,current_seller,stock_item,categories,benefits_count,rating_average,reviews_count,stars,productset_id,primary_category_path,price,original_price,discount,discount_rate,favourite_count,badges_new,badges_v3,quantity_sold,product_reco_score,availability,shippable
278948355,3002818778421,COMBO 6 GÓI KHĂN RÚT ĐÁY KIMONO HOA HỒNG 4 LỚP CAO CẤP TẶNG KÈM 2 MÓC TREO ,278948356,362959,is_authentic:True; is_freeship_xtra:True; is_hero:False; is_top_brand:False; return_reason:any_reason,available,backorder,3300,55,id:32865; name:Kimono,id:362959; sku:3002818778421; name:Thế giới giấy Kimono 1; store_id:350656; is_best_store:False; is_offline_installment_supported:None,max_sale_qty:1000; min_sale_qty:1; qty:1000,id:4409; name:Giấy vệ sinh; is_leaf:True,3,0.0,0,"1:count_0,percent_0;2:count_0,percent_0;3:count_0,percent_0;4:count_0,percent_0;5:count_0,percent_0",2793,1/2/15078/4388/4409,86000,86000,0,0,0,"[{'code': 'authentic_brand', 'icon': 'https://salt.tikicdn.com/ts/tka/69/cf/22/1be823299ae34c7ddcd922e73abd4909.png', 'icon_height': 20, 'icon_width': 89, 'placement': 'under_product_image', 'type': 'icon_badge'}, {'code': 'brand_name', 'placement': 'above_product_name', 'text': 'KIMONO', 'text_color': '#808089', 'type': 'text_above_product_name'}, {'code': 'delivery_info_badge', 'placement': 'delivery_info', 'text': 'Giao thứ 7, 07/02', 'type': 'delivery_info_badge'}]","[{'code': 'product_image_badge', 'image': 'https://salt.tikicdn.com/ts/upload/f7/9e/83/ab28365ea395893fe5abac88b5103444.png', 'placement': 'badge_overlay_product_image', 'type': 'image_badge'}]",,0,1,True
278948341,8704343462480,COMBO 6 GÓI KHĂN RÚT ĐÁY KIMONO HOA VÀNG 4 LỚP CAO CẤP TẶNG KÈM 2 MÓC TREO,278948342,362959,is_authentic:True; is_freeship_xtra:True; is_hero:False; is_top_brand:False; return_reason:any_reason,available,backorder,3300,55,id:32865; name:Kimono,id:362959; sku:8704343462480; name:Thế giới giấy Kimono 1; store_id:350656; is_best_store:False; is_offline_installment_supported:None,max_sale_qty:1000; min_sale_qty:1; qty:1000,id:4409; name:Giấy vệ sinh; is_leaf:True,3,0.0,0,"1:count_0,percent_0;2:count_0,percent_0;3:count_0,percent_0;4:count_0,percent_0;5:count_0,percent_0",2793,1/2/15078/4388/4409,86000,86000,0,0,0,"[{'code': 'authentic_brand', 'icon': 'https://salt.tikicdn.com/ts/tka/69/cf/22/1be823299ae34c7ddcd922e73abd4909.png', 'icon_height': 20, 'icon_width': 89, 'placement': 'under_product_image', 'type': 'icon_badge'}, {'code': 'brand_name', 'placement': 'above_product_name', 'text': 'KIMONO', 'text_color': '#808089', 'type': 'text_above_product_name'}, {'code': 'delivery_info_badge', 'placement': 'delivery_info', 'text': 'Giao thứ 7, 07/02', 'type': 'delivery_info_badge'}]","[{'code': 'product_image_badge', 'image': 'https://salt.tikicdn.com/ts/upload/f7/9e/83/ab28365ea395893fe5abac88b5103444.png', 'placement': 'badge_overlay_product_image', 'type': 'image_badge'}]",1.0,0,1,True
278769066,5737008413736,Viên Giặt Tiện Lợi Power100 3 Trong 1 Hương Tươi Mát Túi 34 Viên,278769067,1,is_authentic:True; is_freeship_xtra:False; is_hero:True; is_top_brand:False; return_reason:any_reason,available,instock,3300,108,id:163649; name:Power100,id:1; sku:5737008413736; name:Tiki Trading; store_id:40395; is_best_store:False; is_offline_installment_supported:None,max_sale_qty:1000; min_sale_qty:1; qty:1000,id:4387; name:Giặt giũ & Chăm sóc quần áo; is_leaf:False,3,0.0,0,"1:count_0,percent_0;2:count_0,percent_0;3:count_0,percent_0;4:count_0,percent_0;5:count_0,percent_0",2787,1/2/15078/4387/4405/68158,135000,160000,25000,16,0,"[{'code': 'tikinow', 'icon': 'https://salt.tikicdn.com/ts/tka/a8/31/b6/802e2c99dcce64c67aa2648edb15dd25.png', 'icon_height': 16, 'icon_width': 32, 'placement': 'delivery_info', 'text': 'Giao siêu tốc 2h', 'type': 'delivery_info_badge'}, {'code': 'authentic_brand', 'icon': 'https://salt.tikicdn.com/ts/tka/69/cf/22/1be823299ae34c7ddcd922e73abd4909.png', 'icon_height': 20, 'icon_width': 89, 'placement': 'under_product_image', 'type': 'icon_badge'}, {'code': 'is_hero', 'icon': 'https://salt.tikicdn.com/ts/upload/0f/59/82/795de6da98a5ac81ce46fb5078b65870.png', 'icon_height': 20, 'icon_width': 76, 'placement': 'under_product_image_2', 'type': 'icon_badge'}, {'code': 'brand_name', 'placement': 'above_product_name', 'text': 'POWER100', 'text_color': '#808089', 'type': 'text_above_product_name'}]","[{'code': 'product_image_badge', 'image': 'https://salt.tikicdn.com/ts/upload/12/e2/4a/c5226426ee9429b0050449ae5403c9cf.png', 'placement': 'badge_overlay_product_image', 'type': 'image_badge'}, {'code': 'event_badge', 'placement': 'text_overlay_product_image', 'style': {'background': '#D93843', 'border_color': '#FFFFFF', 'text_color': '#FFF0F1'}, 'text': '2.2', 'type': 'text_badge'}]",,0,1,True
278483468,7693979326604,( COMBO 5 Cuộn) Giấy Vệ Sinh Công Nghiệp PANSY 500gr Cuộn Lớn 3 Lớp Siêu Tiết Kiệm Mềm Mịn Dai Thấm Hút,278483469,362959,is_authentic:True; is_freeship_xtra:True; is_hero:False; is_top_brand:False; return_reason:any_reason,available,backorder,3300,175,id:152177; name:Pansy,id:362959; sku:7693979326604; name:Thế giới giấy Kimono 1; store_id:350656; is_best_store:False; is_offline_installment_supported:None,max_sale_qty:1000; min_sale_qty:1; qty:1000,id:4388; name:Giấy vệ sinh và giấy ăn; is_leaf:False,3,0.0,0,"1:count_0,percent_0;2:count_0,percent_0;3:count_0,percent_0;4:count_0,percent_0;5:count_0,percent_0",2793,1/2/15078/4388/4409,115000,115000,0,0,0,"[{'code': 'authentic_brand', 'icon': 'https://salt.tikicdn.com/ts/tka/69/cf/22/1be823299ae34c7ddcd922e73abd4909.png', 'icon_height': 20, 'icon_width': 89, 'placement': 'under_product_image', 'type': 'icon_badge'}, {'code': 'brand_name', 'placement': 'above_product_name', 'text': 'PANSY', 'text_color': '#808089', 'type': 'text_above_product_name'}, {'code': 'delivery_info_badge', 'placement': 'delivery_info', 'text': 'Giao thứ 7, 07/02', 'type': 'delivery_info_badge'}]","[{'code': 'product_image_badge', 'image': 'https://salt.tikicdn.com/ts/upload/f7/9e/83/ab28365ea395893fe5abac88b5103444.png', 'placement': 'badge_overlay_product_image', 'type': 'image_badge'}]",1.0,0,1,True
278039040,8226565749715,Lốc 3 Gói Khăn Giấy Bếp Rút Đa Năng,278039041,1,is_authentic:True; is_freeship_xtra:False; is_hero:True; is_top_brand:True; return_reason:any_reason,available,instock,3300,250,id:210933; name:Tempo,id:1; sku:8226565749715; name:Tiki Trading; store_id:40395; is_best_store:False; is_offline_installment_supported:None,max_sale_qty:1000; min_sale_qty:1; qty:1000,id:4388; name:Giấy vệ sinh và giấy ăn; is_leaf:False,3,0.0,0,"1:count_0,percent_0;2:count_0,percent_0;3:count_0,percent_0;4:count_0,percent_0;5:count_0,percent_0",2791,1/2/15078/4388/4407,123000,123000,0,0,0,"[{'code': 'tikinow', 'icon': 'https://salt.tikicdn.com/ts/tka/a8/31/b6/802e2c99dcce64c67aa2648edb15dd25.png', 'icon_height': 16, 'icon_width': 32, 'placement': 'delivery_info', 'text': 'Giao siêu tốc 2h', 'type': 'delivery_info_badge'}, {'code': 'authentic_brand', 'icon': 'https://salt.tikicdn.com/ts/tka/69/cf/22/1be823299ae34c7ddcd922e73abd4909.png', 'icon_height': 20, 'icon_width': 89, 'placement': 'under_product_image', 'type': 'icon_badge'}, {'code': 'is_hero', 'icon': 'https://salt.tikicdn.com/ts/upload/0f/59/82/795de6da98a5ac81ce46fb5078b65870.png', 'icon_height': 20, 'icon_width': 76, 'placement': 'under_product_image_2', 'type': 'icon_badge'}, {'code': 'brand_name', 'placement': 'above_product_name', 'text': 'TEMPO', 'text_color': '#808089', 'type': 'text_above_product_name'}]","[{'code': 'product_image_badge', 'image': 'https://salt.tikicdn.com/ts/upload/12/e2/4a/c5226426ee9429b0050449ae5403c9cf.png', 'placement': 'badge_overlay_product_image', 'type': 'image_badge'}, {'code': 'event_badge', 'placement': 'text_overlay_product_image', 'style': {'background': '#D93843', 'border_color': '#FFFFFF', 'text_color': '#FFF0F1'}, 'text': '2.2', 'type': 'text_badge'}]",1.0,0,1,True
276916129,3940955170597,Lau Sàn Nhà Fuwa3e Hương Sả Chanh/Tinh Dầu Quế Enzyme Sinh Học Sạch Khuẩn Đuổi Muỗi An Toàn Chai 1L,276916133,30778,,out_of_stock,backorder,3300,399,id:628321; name:fuwa3e,,,,0,0.0,0,"1:count_0,percent_0;2:count_0,percent_0;3:count_0,percent_0;4:count_0,percent_0;5:count_0,percent_0",2777,1/2/15078/4399/4398,98000,98000,0,0,0,"[{'code': 'inventory_status', 'placement': 'delivery_info', 'text': 'Sắp có hàng', 'text_color': '#FF424E', 'type': 'delivery_info_badge'}, {'arr_text': [{'value': '2 Mùi hương'}], 'code': 'variant_count', 'placement': 'under_rating_v2', 'text_color': '#808089', 'type': 'text_box'}]","[{'code': 'product_image_badge', 'image': 'https://salt.tikicdn.com/ts/upload/f7/9e/83/ab28365ea395893fe5abac88b5103444.png', 'placement': 'badge_overlay_product_image', 'type': 'image_badge'}]",,0,4,True
276642192,5127549889438,"[MUA 1 LỐC TẶNG 2 CUỘN GVS 4 LỚP] Giấy vệ sinh cao cấp Prestige Mềm Mại - 4 lớp bền dai, an toàn - Thương Hiệu Đức (Lốc 10 Cuộn)",276642199,359055,is_authentic:True; is_freeship_xtra:True; is_hero:False; is_top_brand:True; return_reason:any_reason,available,backorder,3300,434,id:210933; name:Tempo,id:359055; sku:5127549889438; name:TEMPO FLAGSHIP STORE; store_id:346763; is_best_store:False; is_offline_installment_supported:None,max_sale_qty:1000; min_sale_qty:1; qty:1000,id:4388; name:Giấy vệ sinh và giấy ăn; is_leaf:False,3,0.0,0,"1:count_0,percent_0;2:count_0,percent_0;3:count_0,percent_0;4:count_0,percent_0;5:count_0,percent_0",2793,1/2/15078/4388/4409,330000,330000,0,0,0,"[{'code': 'authentic_brand', 'icon': 'https://salt.tikicdn.com/ts/tka/69/cf/22/1be823299ae34c7ddcd922e73abd4909.png', 'icon_height': 20, 'icon_width': 89, 'placement': 'under_product_image', 'type': 'icon_badge'}, {'code': 'is_import', 'placement': 'above_product_name_2', 'text': 'Made in Hong Kong', 'text_color': '#27272A', 'type': 'text_above_product_name'}, {'code': 'brand_name', 'placement': 'above_product_name', 'text': 'TEMPO', 'text_color': '#808089', 'type': 'text_above_product_name'}, {'code': 'delivery_info_badge', 'icon': 'https://salt.tikicdn.com/cache/w96/ts/tka/26/a2/90/0663718b1c04d15a46bf0f23874a7e01.png', 'icon_height': 16, 'icon_width': 32, 'placement': 'delivery_info', 'text': 'Giao chiều thứ 4, 04/02', 'type': 'delivery_info_badge'}, {'arr_text': [{'value': '3 Mùi hương'}], 'code': 'variant_count', 'placement': 'under_rating_v2', 'text_color': '#808089', 'type': 'text_box'}]","[{'code': 'product_image_badge', 'image': 'https://salt.tikicdn.com/ts/upload/f7/9e/83/ab28365ea395893fe5abac88b5103444.png', 'placement': 'badge_overlay_product_image', 'type': 'image_badge'}]",2.0,0,1,True
276463655,2902471743018,Tinh dầu nước hoa dạng xịt 5ml 10ml Y.S.L Mon Paris (mùi nữ),276653861,179506,is_authentic:True; is_freeship_xtra:True; is_hero:False; is_top_brand:False; return_reason:any_reason,available,backorder,3300,432,id:201253; name:No Brand,id:179506; sku:2902471743018; name:Shop Mỹ Phẩm Nga; store_id:166542; is_best_store:False; is_offline_installment_supported:None,max_sale_qty:1000; min_sale_qty:1; qty:1000,id:4386; name:Vệ sinh nhà cửa; is_leaf:False,3,0.0,0,"1:count_0,percent_0;2:count_0,percent_0;3:count_0,percent_0;4:count_0,percent_0;5:count_0,percent_0",2877,1/2/15078/4386/8295/68152,99000,99000,0,0,0,"[{'code': 'authentic_brand', 'icon': 'https://salt.tikicdn.com/ts/tka/69/cf/22/1be823299ae34c7ddcd922e73abd4909.png', 'icon_height': 20, 'icon_width': 89, 'placement': 'under_product_image', 'type': 'icon_badge'}, {'code': 'brand_name', 'placement': 'above_product_name', 'text': 'NO BRAND', 'text_color': '#808089', 'type': 'text_above_product_name'}, {'code': 'delivery_info_badge', 'placement': 'delivery_info', 'text': 'Giao thứ 5, 05/02', 'type': 'delivery_info_badge'}, {'arr_text': [{'value': '1 Dung tích'}], 'code': 'variant_count', 'placement': 'under_rating_v2', 'text_color': '#808089', 'type': 'text_box'}]","[{'code': 'product_image_badge', 'image': 'https://salt.tikicdn.com/ts/upload/f7/9e/83/ab28365ea395893fe5abac88b5103444.png', 'placement': 'badge_overlay_product_image', 'type': 'image_badge'}]",,0,1,True
276462831,5132551588703,Tinh dầu nước hoa dạng xịt 5ml & 10ml Ac.qua di Giò (mùi nam),276653961,179506,is_authentic:True; is_freeship_xtra:True; is_hero:False; is_top_brand:False; return_reason:any_reason,available,backorder,3300,432,id:201253; name:No Brand,id:179506; sku:5132551588703; name:Shop Mỹ Phẩm Nga; store_id:166542; is_best_store:False; is_offline_installment_supported:None,max_sale_qty:1000; min_sale_qty:1; qty:1000,id:4386; name:Vệ sinh nhà cửa; is_leaf:False,3,0.0,0,"1:count_0,percent_0;2:count_0,percent_0;3:count_0,percent_0;4:count_0,percent_0;5:count_0,percent_0",2877,1/2/15078/4386/8295/68152,70000,70000,0,0,0,"[{'code': 'authentic_brand', 'icon': 'https://salt.tikicdn.com/ts/tka/69/cf/22/1be823299ae34c7ddcd922e73abd4909.png', 'icon_height': 20, 'icon_width': 89, 'placement': 'under_product_image', 'type': 'icon_badge'}, {'code': 'brand_name', 'placement': 'above_product_name', 'text': 'NO BRAND', 'text_color': '#808089', 'type': 'text_above_product_name'}, {'code': 'delivery_info_badge', 'placement': 'delivery_info', 'text': 'Giao thứ 5, 05/02', 'type': 'delivery_info_badge'}, {'arr_text': [{'value': '1 Dung tích'}], 'code': 'variant_count', 'placement': 'under_rating_v2', 'text_color': '#808089', 'type': 'text_box'}]","[{'code': 'product_image_badge', 'image': 'https://salt.tikicdn.com/ts/upload/f7/9e/83/ab28365ea395893fe5abac88b5103444.png', 'placement': 'badge_overlay_product_image', 'type': 'image_badge'}]",,0,1,True
276174555,7769027236823,"Combo Giấy Vệ Sinh Cuộn 10*20cm LET-GREEN, 900G/Cuộn",276174558,330024,is_authentic:True; is_freeship_xtra:True; is_hero:False; is_top_brand:False; return_reason:any_reason,available,backorder,3300,501,id:152363; name:Let-green,id:330024; sku:7769027236823; name:YAHON LETGREEN Nhà Cửa Đời Sống; store_id:317710; is_best_store:False; is_offline_installment_supported:None,max_sale_qty:1000; min_sale_qty:1; qty:1000,id:4388; name:Giấy vệ sinh và giấy ăn; is_leaf:False,3,0.0,0,"1:count_0,percent_0;2:count_0,percent_0;3:count_0,percent_0;4:count_0,percent_0;5:count_0,percent_0",2793,1/2/15078/4388/4409,420000,420000,0,0,0,"[{'code': 'authentic_brand', 'icon': 'https://salt.tikicdn.com/ts/tka/69/cf/22/1be823299ae34c7ddcd922e73abd4909.png', 'icon_height': 20, 'icon_width': 89, 'placement': 'under_product_image', 'type': 'icon_badge'}, {'code': 'brand_name', 'placement': 'above_product_name', 'text': 'LET-GREEN', 'text_color': '#808089', 'type': 'text_above_product_name'}, {'code': 'delivery_info_badge', 'placement': 'delivery_info', 'text': 'Giao thứ 5, 05/02', 'type': 'delivery_info_badge'}, {'arr_text': [{'value': '2 Số lượng'}], 'code': 'variant_count', 'placement': 'under_rating_v2', 'text_color': '#808089', 'type': 'text_box'}]","[{'code': 'product_image_badge', 'image': 'https://salt.tikicdn.com/ts/upload/f7/9e/83/ab28365ea395893fe5abac88b5103444.png', 'placement': 'badge_overlay_product_image', 'type': 'image_badge'}]",6.0,0,1,True
275920952,5855640746192,Combo Finish tiện lợi 3: Túi 100 Viên Rửa Bát All In 1+ Nước Làm Bóng Finish 500ml +Dung Dịch Vệ Sinh Máy Finish 250ml,276344557,101510,is_authentic:True; is_freeship_xtra:True; is_hero:False; is_top_brand:True; return_reason:any_reason,available,backorder,3300,537,id:459929; name:Finish,id:101510; sku:5855640746192; name:hanoimart; store_id:94083; is_best_store:False; is_offline_installment_supported:None,max_sale_qty:1000; min_sale_qty:1; qty:1000,id:68150; name:Viên rửa chén; is_leaf:True,3,0.0,0,"1:count_0,percent_0;2:count_0,percent_0;3:count_0,percent_0;4:count_0,percent_0;5:count_0,percent_0",2775,1/2/15078/4399/68148/68150,689000,689000,0,0,0,"[{'code': 'authentic_brand', 'icon': 'https://salt.tikicdn.com/ts/tka/69/cf/22/1be823299ae34c7ddcd922e73abd4909.png', 'icon_height': 20, 'icon_width': 89, 'placement': 'under_product_image', 'type': 'icon_badge'}, {'code': 'is_import', 'placement': 'above_product_name_2', 'text': 'Made in Poland', 'text_color': '#27272A', 'type': 'text_above_product_name'}, {'code': 'brand_name', 'placement': 'above_product_name', 'text': 'FINISH', 'text_color': '#808089', 'type': 'text_above_product_name'}, {'code': 'delivery_info_badge', 'placement': 'delivery_info', 'text': 'Giao thứ 7, 07/02', 'type': 'delivery_info_badge'}]","[{'code': 'product_image_badge', 'image': 'https://salt.tikicdn.com/ts/upload/f7/9e/83/ab28365ea395893fe5abac88b5103444.png', 'placement': 'badge_overlay_product_image', 'type': 'image_badge'}]",2.0,0,1,True
275568556,7503233619689,"Khăn lau Bếp đa năng Watersilk 100 tờ/gói, Khăn làm bếp, giấy thấm dầu- mã W601- 100% Bột giấy nguyên sinh - Hàng chính hãng.",275568558,355933,is_authentic:True; is_freeship_xtra:True; is_hero:False; is_top_brand:False; return_reason:any_reason,available,backorder,3300,573,id:4653855; name:WATERSILK,id:355933; sku:7503233619689; name:NAMART; store_id:343641; is_best_store:False; is_offline_installment_supported:None,max_sale_qty:1000; min_sale_qty:1; qty:1000,id:2; name:Root; is_leaf:False,3,0.0,0,"1:count_0,percent_0;2:count_0,percent_0;3:count_0,percent_0;4:count_0,percent_0;5:count_0,percent_0",2791,1/2/15078/4388/68142,23800,23800,0,0,0,"[{'code': 'authentic_brand', 'icon': 'https://salt.tikicdn.com/ts/tka/69/cf/22/1be823299ae34c7ddcd922e73abd4909.png', 'icon_height': 20, 'icon_width': 89, 'placement': 'under_product_image', 'type': 'icon_badge'}, {'code': 'brand_name', 'placement': 'above_product_name', 'text': 'WATERSILK', 'text_color': '#808089', 'type': 'text_above_product_name'}, {'code': 'delivery_info_badge', 'placement': 'delivery_info', 'text': 'Giao thứ 7, 07/02', 'type': 'delivery_info_badge'}]","[{'code': 'product_image_badge', 'image': 'https://salt.tikicdn.com/ts/upload/f7/9e/83/ab28365ea395893fe5abac88b5103444.png', 'placement': 'badge_overlay_product_image', 'type': 'image_badge'}]",,0,1,True
275286282,6135451796152,Tẩy trang Compliment RAU MÁ thuần chay 400ml,275286283,179506,is_authentic:True; is_freeship_xtra:True; is_hero:False; is_top_brand:False; return_reason:any_reason,available,backorder,3300,429,id:201253; name:No Brand,id:179506; sku:6135451796152; name:Shop Mỹ Phẩm Nga; store_id:166542; is_best_store:False; is_offline_installment_supported:None,max_sale_qty:1000; min_sale_qty:1; qty:1000,id:4400; name:Vệ sinh nhà tắm; is_leaf:False,3,0.0,0,"1:count_0,percent_0;2:count_0,percent_0;3:count_0,percent_0;4:count_0,percent_0;5:count_0,percent_0",2899,1/2/15078/4400/68154/68155,110000,110000,0,0,0,"[{'code': 'authentic_brand', 'icon': 'https://salt.tikicdn.com/ts/tka/69/cf/22/1be823299ae34c7ddcd922e73abd4909.png', 'icon_height': 20, 'icon_width': 89, 'placement': 'under_product_image', 'type': 'icon_badge'}, {'code': 'is_import', 'placement': 'above_product_name_2', 'text': 'Made in Russia', 'text_color': '#27272A', 'type': 'text_above_product_name'}, {'code': 'brand_name', 'placement': 'above_product_name', 'text': 'NO BRAND', 'text_color': '#808089', 'type': 'text_above_product_name'}, {'code': 'delivery_info_badge', 'placement': 'delivery_info', 'text': 'Giao thứ 5, 05/02', 'type': 'delivery_info_badge'}]","[{'code': 'product_image_badge', 'image': 'https://salt.tikicdn.com/ts/upload/f7/9e/83/ab28365ea395893fe5abac88b5103444.png', 'placement': 'badge_overlay_product_image', 'type': 'image_badge'}]",,0,1,True
275268510,6490372335038,Dung dịch vệ sinh phụ nữ YA SAMAYA R Intimate 265ml - làm sạch dưỡng ẩm,276670793,179506,is_authentic:True; is_freeship_xtra:True; is_hero:False; is_top_brand:False; return_reason:any_reason,available,backorder,3300,429,id:201253; name:No Brand,id:179506; sku:6490372335038; name:Shop Mỹ Phẩm Nga; store_id:166542; is_best_store:False; is_offline_installment_supported:None,max_sale_qty:1000; min_sale_qty:1; qty:1000,id:4400; name:Vệ sinh nhà tắm; is_leaf:False,3,0.0,0,"1:count_0,percent_0;2:count_0,percent_0;3:count_0,percent_0;4:count_0,percent_0;5:count_0,percent_0",2779,1/2/15078/4400/68154/4401,75000,75000,0,0,0,"[{'code': 'authentic_brand', 'icon': 'https://salt.tikicdn.com/ts/tka/69/cf/22/1be823299ae34c7ddcd922e73abd4909.png', 'icon_height': 20, 'icon_width': 89, 'placement': 'under_product_image', 'type': 'icon_badge'}, {'code': 'option_color', 'placement': 'under_rating', 'text': 'Nhiều màu', 'type': 'under_rating_text'}, {'code': 'is_import', 'placement': 'above_product_name_2', 'text': 'Made in Russia', 'text_color': '#27272A', 'type': 'text_above_product_name'}, {'code': 'brand_name', 'placement': 'above_product_name', 'text': 'NO BRAND', 'text_color': '#808089', 'type': 'text_above_product_name'}, {'code': 'delivery_info_badge', 'placement': 'delivery_info', 'text': 'Giao thứ 5, 05/02', 'type': 'delivery_info_badge'}, {'arr_text': [{'value': '4 Màu sắc'}], 'code': 'variant_count', 'placement': 'under_rating_v2', 'text_color': '#808089', 'type': 'text_box'}]","[{'code': 'product_image_badge', 'image': 'https://salt.tikicdn.com/ts/upload/f7/9e/83/ab28365ea395893fe5abac88b5103444.png', 'placement': 'badge_overlay_product_image', 'type': 'image_badge'}]",3.0,0,1,True
275243413,7696781927003,Dầu bồ đề Thái Lan Massage Balm - ￼Dầu Cù Là Dầu Lăn Dầu Gió Lá Bồ Đề Nội Địa Thái Lan,276654232,179506,is_authentic:True; is_freeship_xtra:True; is_hero:False; is_top_brand:False; return_reason:any_reason,available,backorder,3300,432,id:201253; name:No Brand,id:179506; sku:7696781927003; name:Shop Mỹ Phẩm Nga; store_id:166542; is_best_store:False; is_offline_installment_supported:None,max_sale_qty:1000; min_sale_qty:1; qty:1000,id:4386; name:Vệ sinh nhà cửa; is_leaf:False,3,5.0,5,"1:count_0,percent_0;2:count_0,percent_0;3:count_0,percent_0;4:count_0,percent_0;5:count_5,percent_100",2877,1/2/15078/4386/8295/68151,55000,55000,0,0,0,"[{'code': 'authentic_brand', 'icon': 'https://salt.tikicdn.com/ts/tka/69/cf/22/1be823299ae34c7ddcd922e73abd4909.png', 'icon_height': 20, 'icon_width': 89, 'placement': 'under_product_image', 'type': 'icon_badge'}, {'code': 'video_icon', 'icon': 'https://salt.tikicdn.com/ts/upload/d5/f3/6f/fdd40db52ff4afe497d0c2240dcfd25b.png', 'icon_height': 28, 'icon_width': 28, 'placement': 'bottom_right', 'type': 'icon_badge'}, {'code': 'brand_name', 'placement': 'above_product_name', 'text': 'NO BRAND', 'text_color': '#808089', 'type': 'text_above_product_name'}, {'code': 'delivery_info_badge', 'placement': 'delivery_info', 'text': 'Giao thứ 5, 05/02', 'type': 'delivery_info_badge'}, {'arr_text': [{'value': '1 Dầu'}], 'code': 'variant_count', 'placement': 'under_rating_v2', 'text_color': '#808089', 'type': 'text_box'}]","[{'code': 'product_image_badge', 'image': 'https://salt.tikicdn.com/ts/upload/f7/9e/83/ab28365ea395893fe5abac88b5103444.png', 'placement': 'badge_overlay_product_image', 'type': 'image_badge'}]",48.0,0,1,True
274654430,3769981316552,Thùng Giấy Ăn 30 Gói Giấy Rút Gấu Trúc Cao Cấp Sipiao Mềm Mịn Dẻo Dai Tiện Lợi Thấm Hút Tốt,274654432,131238,is_authentic:True; is_freeship_xtra:True; is_hero:False; is_top_brand:False; return_reason:any_reason,available,,3300,672,id:8212461; name:fofaHome,id:131238; sku:3769981316552; name:Tổng Kho MB; store_id:121236; is_best_store:False; is_offline_installment_supported:None,max_sale_qty:1000; min_sale_qty:1; qty:1000,id:2549; name:Đồ Chơi - Mẹ & Bé; is_leaf:False,3,0.0,0,"1:count_0,percent_0;2:count_0,percent_0;3:count_0,percent_0;4:count_0,percent_0;5:count_0,percent_0",2789,1/2/15078/4388/4406,4000,4000,0,0,0,"[{'code': 'authentic_brand', 'icon': 'https://salt.tikicdn.com/ts/tka/69/cf/22/1be823299ae34c7ddcd922e73abd4909.png', 'icon_height': 20, 'icon_width': 89, 'placement': 'under_product_image', 'type': 'icon_badge'}, {'code': 'video_icon', 'icon': 'https://salt.tikicdn.com/ts/upload/d5/f3/6f/fdd40db52ff4afe497d0c2240dcfd25b.png', 'icon_height': 28, 'icon_width': 28, 'placement': 'bottom_right', 'type': 'icon_badge'}, {'code': 'brand_name', 'placement': 'above_product_name', 'text': 'FOFAHOME', 'text_color': '#808089', 'type': 'text_above_product_name'}, {'arr_text': [{'value': '3 Số lượng'}], 'code': 'variant_count', 'placement': 'under_rating_v2', 'text_color': '#808089', 'type': 'text_box'}]","[{'code': 'product_image_badge', 'image': 'https://salt.tikicdn.com/ts/upload/f7/9e/83/ab28365ea395893fe5abac88b5103444.png', 'placement': 'badge_overlay_product_image', 'type': 'image_badge'}]",9.0,0,1,True
273836660,2488587084664,Combo 3 túi viên rửa chén bát Finish Powerball Quantum 21 viên/túi,273836661,265279,is_authentic:True; is_freeship_xtra:True; is_hero:False; is_top_brand:True; return_reason:any_reason,available,backorder,3300,760,id:459929; name:Finish,id:265279; sku:2488587084664; name:Dettol & Finish Official Store; store_id:252324; is_best_store:False; is_offline_installment_supported:None,max_sale_qty:1000; min_sale_qty:1; qty:1000,id:68150; name:Viên rửa chén; is_leaf:True,3,5.0,8,"1:count_0,percent_0;2:count_0,percent_0;3:count_0,percent_0;4:count_0,percent_0;5:count_8,percent_100",2775,1/2/15078/4399/68148/68150,657000,657000,0,0,0,"[{'code': 'authentic_brand', 'icon': 'https://salt.tikicdn.com/ts/tka/69/cf/22/1be823299ae34c7ddcd922e73abd4909.png', 'icon_height': 20, 'icon_width': 89, 'placement': 'under_product_image', 'type': 'icon_badge'}, {'code': 'is_import', 'placement': 'above_product_name_2', 'text': 'Made in Poland', 'text_color': '#27272A', 'type': 'text_above_product_name'}, {'code': 'brand_name', 'placement': 'above_product_name', 'text': 'FINISH', 'text_color': '#808089', 'type': 'text_above_product_name'}, {'code': 'delivery_info_badge', 'placement': 'delivery_info', 'text': 'Giao thứ 5, 05/02', 'type': 'delivery_info_badge'}]","[{'code': 'product_image_badge', 'image': 'https://salt.tikicdn.com/ts/upload/f7/9e/83/ab28365ea395893fe5abac88b5103444.png', 'placement': 'badge_overlay_product_image', 'type': 'image_badge'}]",140.0,0,1,True
270830247,8737413391927,"Lốc 4 Gói Khăn Giấy Cao Cấp Tempo Softpack Mùi Hương Đào, 4 Lớp, Không Gây Kích Ứng Da (90 Tờ/ Gói) - Thương Hiệu Đức",270830471,110726,is_authentic:True; is_freeship_xtra:True; is_hero:False; is_top_brand:True; return_reason:any_reason,available,instock,3300,917,id:210933; name:Tempo,id:110726; sku:8737413391927; name:Shop Mẹ Và Bé UnMei; store_id:102480; is_best_store:False; is_offline_installment_supported:None,max_sale_qty:1000; min_sale_qty:1; qty:1000,id:4388; name:Giấy vệ sinh và giấy ăn; is_leaf:False,3,5.0,2,"1:count_0,percent_0;2:count_0,percent_0;3:count_0,percent_0;4:count_0,percent_0;5:count_2,percent_100",2791,1/2/15078/4388/4407,118000,118000,0,0,0,"[{'code': 'tikinow', 'icon': 'https://salt.tikicdn.com/ts/tka/a8/31/b6/802e2c99dcce64c67aa2648edb15dd25.png', 'icon_height': 16, 'icon_width': 32, 'placement': 'delivery_info', 'text': 'Giao siêu tốc 2h', 'type': 'delivery_info_badge'}, {'code': 'authentic_brand', 'icon': 'https://salt.tikicdn.com/ts/tka/69/cf/22/1be823299ae34c7ddcd922e73abd4909.png', 'icon_height': 20, 'icon_width': 89, 'placement': 'under_product_image', 'type': 'icon_badge'}, {'code': 'brand_name', 'placement': 'above_product_name', 'text': 'TEMPO', 'text_color': '#808089', 'type': 'text_above_product_name'}]","[{'code': 'product_image_badge', 'image': 'https://salt.tikicdn.com/ts/upload/f7/9e/83/ab28365ea395893fe5abac88b5103444.png', 'placement': 'badge_overlay_product_image', 'type': 'image_badge'}]",60.0,0,1,True
263120088,1551611208096,"Combo 3 Túi nước giặt kháng khuẩn, khử mùi Walch (2Lx3)",263120094,270377,is_authentic:True; is_freeship_xtra:True; is_hero:False; is_top_brand:False; return_reason:any_reason,available,backorder,3300,963,id:5728711; name:WALCH,id:270377; sku:1551611208096; name:WLC Official Store; store_id:257422; is_best_store:False; is_offline_installment_supported:None,max_sale_qty:1000; min_sale_qty:1; qty:1000,id:8239; name:Nước giặt; is_leaf:True,3,5.0,2,"1:count_0,percent_0;2:count_0,percent_0;3:count_0,percent_0;4:count_0,percent_0;5:count_2,percent_100",2839,1/2/15078/4387/8239,537000,537000,0,0,0,"[{'code': 'authentic_brand', 'icon': 'https://salt.tikicdn.com/ts/tka/69/cf/22/1be823299ae34c7ddcd922e73abd4909.png', 'icon_height': 20, 'icon_width': 89, 'placement': 'under_product_image', 'type': 'icon_badge'}, {'code': 'is_import', 'placement': 'above_product_name_2', 'text': 'Made in Germany', 'text_color': '#27272A', 'type': 'text_above_product_name'}, {'code': 'brand_name', 'placement': 'above_product_name', 'text': 'WALCH', 'text_color': '#808089', 'type': 'text_above_product_name'}, {'code': 'delivery_info_badge', 'icon': 'https://salt.tikicdn.com/cache/w96/ts/tka/26/a2/90/0663718b1c04d15a46bf0f23874a7e01.png', 'icon_height': 16, 'icon_width': 32, 'placement': 'delivery_info', 'text': 'Giao chiều thứ 4, 04/02', 'type': 'delivery_info_badge'}, {'arr_text': [{'value': '2 Mùi hương'}], 'code': 'variant_count', 'placement': 'under_rating_v2', 'text_color': '#808089', 'type': 'text_box'}]","[{'code': 'product_image_badge', 'image': 'https://salt.tikicdn.com/ts/upload/f7/9e/83/ab28365ea395893fe5abac88b5103444.png', 'placement': 'badge_overlay_product_image', 'type': 'image_badge'}]",13.0,0,1,True
247862048,4170881821498,Chai Xịt Tẩy Vệ Sinh Nhà Tắm 500Ml Bathroom Remover,247862049,10889,is_authentic:False; is_freeship_xtra:True; is_hero:False; is_top_brand:False; return_reason:any_reason,available,backorder,3300,1053,id:111461; name:OEM,id:10889; sku:4170881821498; name:MuaMuaOnline; store_id:10623; is_best_store:False; is_offline_installment_supported:None,max_sale_qty:1000; min_sale_qty:1; qty:1000,id:4384; name:Bách Hóa Online; is_leaf:False,3,0.0,0,"1:count_0,percent_0;2:count_0,percent_0;3:count_0,percent_0;4:count_0,percent_0;5:count_0,percent_0",2901,1/2/15078/4400/10238,69000,69000,0,0,0,"[{'code': 'brand_name', 'placement': 'above_product_name', 'text': 'OEM', 'text_color': '#808089', 'type': 'text_above_product_name'}, {'code': 'delivery_info_badge', 'placement': 'delivery_info', 'text': 'Giao thứ 5, 05/02', 'type': 'delivery_info_badge'}]","[{'code': 'product_image_badge', 'image': 'https://salt.tikicdn.com/ts/upload/b2/8d/56/3086efc2194320a6b83fba7530de7c78.png', 'placement': 'badge_overlay_product_image', 'type': 'image_badge'}]",8.0,0,1,True
205537624,3285538054008,"combo Bột rửa bát Finish 2,5 kg + muối Somat 1,2kg + nước bóng Alio 1000ml",276503333,101510,is_authentic:True; is_freeship_xtra:True; is_hero:False; is_top_brand:True; return_reason:any_reason,available,backorder,3300,1176,id:459929; name:Finish,id:101510; sku:3285538054008; name:hanoimart; store_id:94083; is_best_store:False; is_offline_installment_supported:None,max_sale_qty:1000; min_sale_qty:1; qty:1000,id:4399; name:Vệ sinh nhà bếp; is_leaf:False,3,0.0,0,"1:count_0,percent_0;2:count_0,percent_0;3:count_0,percent_0;4:count_0,percent_0;5:count_0,percent_0",2775,1/2/15078/4399/68148/68149,689000,689000,0,0,0,"[{'code': 'authentic_brand', 'icon': 'https://salt.tikicdn.com/ts/tka/69/cf/22/1be823299ae34c7ddcd922e73abd4909.png', 'icon_height': 20, 'icon_width': 89, 'placement': 'under_product_image', 'type': 'icon_badge'}, {'code': 'brand_name', 'placement': 'above_product_name', 'text': 'FINISH', 'text_color': '#808089', 'type': 'text_above_product_name'}, {'code': 'delivery_info_badge', 'placement': 'delivery_info', 'text': 'Giao thứ 7, 07/02', 'type': 'delivery_info_badge'}, {'arr_text': [{'value': '1 Phân loại'}], 'code': 'variant_count', 'placement': 'under_rating_v2', 'text_color': '#808089', 'type': 'text_box'}]","[{'code': 'product_image_badge', 'image': 'https://salt.tikicdn.com/ts/upload/f7/9e/83/ab28365ea395893fe5abac88b5103444.png', 'placement': 'badge_overlay_product_image', 'type': 'image_badge'}]",,0,1,True
205420411,4962610889767,"Combo 90 Viên rửa bát Finish All in 1 + Muối Finish 1,5kg + Nước làm bóng Finish 750ml HANOIMART",277573547,293586,is_authentic:True; is_freeship_xtra:True; is_hero:False; is_top_brand:True; return_reason:any_reason,available,backorder,3300,1178,id:459929; name:Finish,id:293586; sku:4962610889767; name:Tongkhovienruabat; store_id:280914; is_best_store:False; is_offline_installment_supported:None,max_sale_qty:1000; min_sale_qty:1; qty:1000,id:4399; name:Vệ sinh nhà bếp; is_leaf:False,3,0.0,0,"1:count_0,percent_0;2:count_0,percent_0;3:count_0,percent_0;4:count_0,percent_0;5:count_0,percent_0",2775,1/2/15078/4399/68148/68149,445000,445000,0,0,0,"[{'code': 'authentic_brand', 'icon': 'https://salt.tikicdn.com/ts/tka/69/cf/22/1be823299ae34c7ddcd922e73abd4909.png', 'icon_height': 20, 'icon_width': 89, 'placement': 'under_product_image', 'type': 'icon_badge'}, {'code': 'is_import', 'placement': 'above_product_name_2', 'text': 'Made in Poland', 'text_color': '#27272A', 'type': 'text_above_product_name'}, {'code': 'brand_name', 'placement': 'above_product_name', 'text': 'FINISH', 'text_color': '#808089', 'type': 'text_above_product_name'}, {'code': 'delivery_info_badge', 'placement': 'delivery_info', 'text': 'Giao thứ 6, 06/02', 'type': 'delivery_info_badge'}, {'arr_text': [{'value': '3 Phân loại  combo'}], 'code': 'variant_count', 'placement': 'under_rating_v2', 'text_color': '#808089', 'type': 'text_box'}]","[{'code': 'product_image_badge', 'image': 'https://salt.tikicdn.com/ts/upload/f7/9e/83/ab28365ea395893fe5abac88b5103444.png', 'placement': 'badge_overlay_product_image', 'type': 'image_badge'}]",3.0,0,1,True
205293933,7868076305626,"Combo 2 Can Bột rửa bát finish 2,5kg dùng cho máy rửa bát (2.5x2=5kg)",52052784,101510,is_authentic:True; is_freeship_xtra:True; is_hero:False; is_top_brand:True; return_reason:any_reason,available,backorder,3300,1179,id:459929; name:Finish,id:101510; sku:7868076305626; name:hanoimart; store_id:94083; is_best_store:False; is_offline_installment_supported:None,max_sale_qty:1000; min_sale_qty:1; qty:1000,id:4399; name:Vệ sinh nhà bếp; is_leaf:False,3,4.8,38,"1:count_0,percent_0;2:count_0,percent_0;3:count_1,percent_2;4:count_4,percent_11;5:count_33,percent_87",2775,1/2/15078/4399/68148/68149,960000,960000,0,0,0,"[{'code': 'authentic_brand', 'icon': 'https://salt.tikicdn.com/ts/tka/69/cf/22/1be823299ae34c7ddcd922e73abd4909.png', 'icon_height': 20, 'icon_width': 89, 'placement': 'under_product_image', 'type': 'icon_badge'}, {'code': 'is_import', 'placement': 'above_product_name_2', 'text': 'Made in CzechRepublic', 'text_color': '#27272A', 'type': 'text_above_product_name'}, {'code': 'brand_name', 'placement': 'above_product_name', 'text': 'FINISH', 'text_color': '#808089', 'type': 'text_above_product_name'}, {'code': 'delivery_info_badge', 'placement': 'delivery_info', 'text': 'Giao thứ 7, 07/02', 'type': 'delivery_info_badge'}, {'arr_text': [{'value': '5 Phân loại'}], 'code': 'variant_count', 'placement': 'under_rating_v2', 'text_color': '#808089', 'type': 'text_box'}]","[{'code': 'product_image_badge', 'image': 'https://salt.tikicdn.com/ts/upload/f7/9e/83/ab28365ea395893fe5abac88b5103444.png', 'placement': 'badge_overlay_product_image', 'type': 'image_badge'}]",131.0,0,1,True
205293923,4609691825922,Combo Muối rửa bát finish 1.5kg + Nước làm bóng finish 750ml dùng cho Máy rửa bát chén ly,207562925,101510,is_authentic:True; is_freeship_xtra:True; is_hero:False; is_top_brand:True; return_reason:any_reason,available,backorder,3300,1179,id:459929; name:Finish,id:101510; sku:4609691825922; name:hanoimart; store_id:94083; is_best_store:False; is_offline_installment_supported:None,max_sale_qty:1000; min_sale_qty:1; qty:1000,id:4399; name:Vệ sinh nhà bếp; is_leaf:False,3,4.8,39,"1:count_0,percent_0;2:count_0,percent_0;3:count_1,percent_2;4:count_7,percent_18;5:count_31,percent_80",2775,1/2/15078/4399/68148/68149,261000,261000,0,0,0,"[{'code': 'authentic_brand', 'icon': 'https://salt.tikicdn.com/ts/tka/69/cf/22/1be823299ae34c7ddcd922e73abd4909.png', 'icon_height': 20, 'icon_width': 89, 'placement': 'under_product_image', 'type': 'icon_badge'}, {'code': 'is_import', 'placement': 'above_product_name_2', 'text': 'Made in Poland', 'text_color': '#27272A', 'type': 'text_above_product_name'}, {'code': 'brand_name', 'placement': 'above_product_name', 'text': 'FINISH', 'text_color': '#808089', 'type': 'text_above_product_name'}, {'code': 'delivery_info_badge', 'placement': 'delivery_info', 'text': 'Giao thứ 7, 07/02', 'type': 'delivery_info_badge'}, {'arr_text': [{'value': '2 Phân loại'}], 'code': 'variant_count', 'placement': 'under_rating_v2', 'text_color': '#808089', 'type': 'text_box'}]","[{'code': 'product_image_badge', 'image': 'https://salt.tikicdn.com/ts/upload/f7/9e/83/ab28365ea395893fe5abac88b5103444.png', 'placement': 'badge_overlay_product_image', 'type': 'image_badge'}]",214.0,0,1,True
197210261,5655891087516,"Xịt phòng tinh dầu cao cấp Vemoda 260ml giúp khử mùi, làm thơm không gian nhanh chóng, tiện lợi",197210263,138986,is_authentic:True; is_freeship_xtra:True; is_hero:False; is_top_brand:False; return_reason:any_reason,available,backorder,3300,1242,id:862545; name:Vemoda,id:138986; sku:5655891087516; name:Vemoda Care; store_id:128351; is_best_store:False; is_offline_installment_supported:None,max_sale_qty:1000; min_sale_qty:1; qty:1000,id:4386; name:Vệ sinh nhà cửa; is_leaf:False,3,4.0,1,"1:count_0,percent_0;2:count_0,percent_0;3:count_0,percent_0;4:count_1,percent_100;5:count_0,percent_0",2877,1/2/15078/4386/8295/68152,135000,135000,0,0,0,"[{'code': 'authentic_brand', 'icon': 'https://salt.tikicdn.com/ts/tka/69/cf/22/1be823299ae34c7ddcd922e73abd4909.png', 'icon_height': 20, 'icon_width': 89, 'placement': 'under_product_image', 'type': 'icon_badge'}, {'code': 'brand_name', 'placement': 'above_product_name', 'text': 'VEMODA', 'text_color': '#808089', 'type': 'text_above_product_name'}, {'code': 'delivery_info_badge', 'icon': 'https://salt.tikicdn.com/cache/w96/ts/tka/26/a2/90/0663718b1c04d15a46bf0f23874a7e01.png', 'icon_height': 16, 'icon_width': 32, 'placement': 'delivery_info', 'text': 'Giao chiều thứ 4, 04/02', 'type': 'delivery_info_badge'}, {'arr_text': [{'value': '3 Mùi hương'}], 'code': 'variant_count', 'placement': 'under_rating_v2', 'text_color': '#808089', 'type': 'text_box'}]","[{'code': 'product_image_badge', 'image': 'https://salt.tikicdn.com/ts/upload/f7/9e/83/ab28365ea395893fe5abac88b5103444.png', 'placement': 'badge_overlay_product_image', 'type': 'image_badge'}]",4.0,0,1,True
191387813,4605762003992,Nước Xả Vải Comfort Thơm Mát Gấp 10 Lần/Hương Nước Hoa Quyến Rũ 100 Giờ Lưu Hương Túi 3.7L,191387814,1,is_authentic:True; is_freeship_xtra:False; is_hero:True; is_top_brand:True; return_reason:any_reason,available,instock,3300,1295,id:27954; name:Comfort,id:1; sku:4605762003992; name:Tiki Trading; store_id:40395; is_best_store:False; is_offline_installment_supported:None,max_sale_qty:1000; min_sale_qty:1; qty:1000,id:4387; name:Giặt giũ & Chăm sóc quần áo; is_leaf:False,3,4.8,64,"1:count_1,percent_1;2:count_0,percent_0;3:count_0,percent_0;4:count_7,percent_11;5:count_56,percent_88",2783,1/2/15078/4387/4403,271000,271000,0,0,0,"[{'code': 'tikinow', 'icon': 'https://salt.tikicdn.com/ts/tka/a8/31/b6/802e2c99dcce64c67aa2648edb15dd25.png', 'icon_height': 16, 'icon_width': 32, 'placement': 'delivery_info', 'text': 'Giao siêu tốc 2h', 'type': 'delivery_info_badge'}, {'code': 'authentic_brand', 'icon': 'https://salt.tikicdn.com/ts/tka/69/cf/22/1be823299ae34c7ddcd922e73abd4909.png', 'icon_height': 20, 'icon_width': 89, 'placement': 'under_product_image', 'type': 'icon_badge'}, {'code': 'video_icon', 'icon': 'https://salt.tikicdn.com/ts/upload/d5/f3/6f/fdd40db52ff4afe497d0c2240dcfd25b.png', 'icon_height': 28, 'icon_width': 28, 'placement': 'bottom_right', 'type': 'icon_badge'}, {'code': 'is_hero', 'icon': 'https://salt.tikicdn.com/ts/upload/0f/59/82/795de6da98a5ac81ce46fb5078b65870.png', 'icon_height': 20, 'icon_width': 76, 'placement': 'under_product_image_2', 'type': 'icon_badge'}, {'code': 'brand_name', 'placement': 'above_product_name', 'text': 'COMFORT', 'text_color': '#808089', 'type': 'text_above_product_name'}]","[{'code': 'product_image_badge', 'image': 'https://salt.tikicdn.com/ts/upload/12/e2/4a/c5226426ee9429b0050449ae5403c9cf.png', 'placement': 'badge_overlay_product_image', 'type': 'image_badge'}, {'code': 'event_badge', 'placement': 'text_overlay_product_image', 'style': {'background': '#D93843', 'border_color': '#FFFFFF', 'text_color': '#FFF0F1'}, 'text': '2.2', 'type': 'text_badge'}]",563.0,0,1,True
187595803,9177521402819,"Nước rửa bát siêu sạch Mr Fresh 1,6L Tinh Dầu Gừng",187595804,4534,is_authentic:True; is_freeship_xtra:True; is_hero:False; is_top_brand:False; return_reason:any_reason,available,backorder,3300,1291,id:208677; name:Mr. Fresh,id:4534; sku:9177521402819; name:Bách Hóa Tuyết Nhi; store_id:4481; is_best_store:False; is_offline_installment_supported:None,max_sale_qty:1000; min_sale_qty:1; qty:1000,id:4395; name:Nước rửa chén; is_leaf:True,3,5.0,1,"1:count_0,percent_0;2:count_0,percent_0;3:count_0,percent_0;4:count_0,percent_0;5:count_1,percent_100",2775,1/2/15078/4399/68148/4395,59000,59000,0,0,0,"[{'code': 'authentic_brand', 'icon': 'https://salt.tikicdn.com/ts/tka/69/cf/22/1be823299ae34c7ddcd922e73abd4909.png', 'icon_height': 20, 'icon_width': 89, 'placement': 'under_product_image', 'type': 'icon_badge'}, {'code': 'brand_name', 'placement': 'above_product_name', 'text': 'MR. FRESH', 'text_color': '#808089', 'type': 'text_above_product_name'}, {'code': 'delivery_info_badge', 'placement': 'delivery_info', 'text': 'Giao thứ 6, 06/02', 'type': 'delivery_info_badge'}]","[{'code': 'product_image_badge', 'image': 'https://salt.tikicdn.com/ts/upload/f7/9e/83/ab28365ea395893fe5abac88b5103444.png', 'placement': 'badge_overlay_product_image', 'type': 'image_badge'}]",2.0,0,1,True
184101593,3892610482634,Combo 2 Nước Xả Vải Comfort Thơm Mát Gấp 10 Lần/Hương Nước Hoa Diệu Kỳ 100 Giờ Lưu Hương Túi 3.7L,184101594,1,is_authentic:True; is_freeship_xtra:False; is_hero:True; is_top_brand:True; return_reason:any_reason,available,instock,3300,1344,id:27954; name:Comfort,id:1; sku:3892610482634; name:Tiki Trading; store_id:40395; is_best_store:False; is_offline_installment_supported:None,max_sale_qty:1000; min_sale_qty:1; qty:1000,id:4387; name:Giặt giũ & Chăm sóc quần áo; is_leaf:False,3,4.7,115,"1:count_5,percent_4;2:count_1,percent_1;3:count_0,percent_0;4:count_10,percent_8;5:count_99,percent_87",2783,1/2/15078/4387/4403,542000,542000,0,0,0,"[{'code': 'tikinow', 'icon': 'https://salt.tikicdn.com/ts/tka/a8/31/b6/802e2c99dcce64c67aa2648edb15dd25.png', 'icon_height': 16, 'icon_width': 32, 'placement': 'delivery_info', 'text': 'Giao siêu tốc 2h', 'type': 'delivery_info_badge'}, {'code': 'authentic_brand', 'icon': 'https://salt.tikicdn.com/ts/tka/69/cf/22/1be823299ae34c7ddcd922e73abd4909.png', 'icon_height': 20, 'icon_width': 89, 'placement': 'under_product_image', 'type': 'icon_badge'}, {'code': 'is_hero', 'icon': 'https://salt.tikicdn.com/ts/upload/0f/59/82/795de6da98a5ac81ce46fb5078b65870.png', 'icon_height': 20, 'icon_width': 76, 'placement': 'under_product_image_2', 'type': 'icon_badge'}, {'code': 'brand_name', 'placement': 'above_product_name', 'text': 'COMFORT', 'text_color': '#808089', 'type': 'text_above_product_name'}]","[{'code': 'product_image_badge', 'image': 'https://salt.tikicdn.com/ts/upload/12/e2/4a/c5226426ee9429b0050449ae5403c9cf.png', 'placement': 'badge_overlay_product_image', 'type': 'image_badge'}, {'code': 'event_badge', 'placement': 'text_overlay_product_image', 'style': {'background': '#D93843', 'border_color': '#FFFFFF', 'text_color': '#FFF0F1'}, 'text': '2.2', 'type': 'text_badge'}]",719.0,0,1,True
131103008,1444569446368,"Chai tẩy rửa bồn cầu/ Toilet đậm đặc siêu sạch, không mùi Mitsuei 500ml hàng Made in Japan",131103016,19944,is_authentic:True; is_freeship_xtra:True; is_hero:False; is_top_brand:False; return_reason:any_reason,available,backorder,3300,1568,id:150962; name:Mitsuei,id:19944; sku:1444569446368; name:Shop Thái Nhật Hàn; store_id:19440; is_best_store:False; is_offline_installment_supported:None,max_sale_qty:1000; min_sale_qty:1; qty:1000,id:4400; name:Vệ sinh nhà tắm; is_leaf:False,3,5.0,1,"1:count_0,percent_0;2:count_0,percent_0;3:count_0,percent_0;4:count_0,percent_0;5:count_1,percent_100",2899,1/2/15078/4400/68154/68155,287500,287500,0,0,0,"[{'code': 'authentic_brand', 'icon': 'https://salt.tikicdn.com/ts/tka/69/cf/22/1be823299ae34c7ddcd922e73abd4909.png', 'icon_height': 20, 'icon_width': 89, 'placement': 'under_product_image', 'type': 'icon_badge'}, {'code': 'is_import', 'placement': 'above_product_name_2', 'text': 'Made in Japan', 'text_color': '#27272A', 'type': 'text_above_product_name'}, {'code': 'brand_name', 'placement': 'above_product_name', 'text': 'MITSUEI', 'text_color': '#808089', 'type': 'text_above_product_name'}, {'code': 'delivery_info_badge', 'placement': 'delivery_info', 'text': 'Giao thứ 6, 06/02', 'type': 'delivery_info_badge'}, {'arr_text': [{'value': '2 Số lượng'}], 'code': 'variant_count', 'placement': 'under_rating_v2', 'text_color': '#808089', 'type': 'text_box'}]","[{'code': 'product_image_badge', 'image': 'https://salt.tikicdn.com/ts/upload/f7/9e/83/ab28365ea395893fe5abac88b5103444.png', 'placement': 'badge_overlay_product_image', 'type': 'image_badge'}]",,0,1,True
122910036,7298475457913,Muối rửa chén Finish 4.0kg,189366179,293586,is_authentic:True; is_freeship_xtra:True; is_hero:False; is_top_brand:True; return_reason:any_reason,available,backorder,3300,1603,id:459929; name:Finish,id:293586; sku:7298475457913; name:Tongkhovienruabat; store_id:280914; is_best_store:False; is_offline_installment_supported:None,max_sale_qty:1000; min_sale_qty:1; qty:1000,id:4399; name:Vệ sinh nhà bếp; is_leaf:False,3,4.8,4,"1:count_0,percent_0;2:count_0,percent_0;3:count_0,percent_0;4:count_1,percent_25;5:count_3,percent_75",2775,1/2/15078/4399/68148/68149,145000,145000,0,0,0,"[{'code': 'authentic_brand', 'icon': 'https://salt.tikicdn.com/ts/tka/69/cf/22/1be823299ae34c7ddcd922e73abd4909.png', 'icon_height': 20, 'icon_width': 89, 'placement': 'under_product_image', 'type': 'icon_badge'}, {'code': 'video_icon', 'icon': 'https://salt.tikicdn.com/ts/upload/d5/f3/6f/fdd40db52ff4afe497d0c2240dcfd25b.png', 'icon_height': 28, 'icon_width': 28, 'placement': 'bottom_right', 'type': 'icon_badge'}, {'code': 'is_import', 'placement': 'above_product_name_2', 'text': 'Made in Poland', 'text_color': '#27272A', 'type': 'text_above_product_name'}, {'code': 'brand_name', 'placement': 'above_product_name', 'text': 'FINISH', 'text_color': '#808089', 'type': 'text_above_product_name'}, {'code': 'delivery_info_badge', 'placement': 'delivery_info', 'text': 'Giao thứ 6, 06/02', 'type': 'delivery_info_badge'}, {'arr_text': [{'value': '7 Phân loại'}], 'code': 'variant_count', 'placement': 'under_rating_v2', 'text_color': '#808089', 'type': 'text_box'}]","[{'code': 'product_image_badge', 'image': 'https://salt.tikicdn.com/ts/upload/f7/9e/83/ab28365ea395893fe5abac88b5103444.png', 'placement': 'badge_overlay_product_image', 'type': 'image_badge'}]",23.0,0,1,True
121325851,4780593630642,hộp 100 viên rửa chén finish,126712789,101510,is_authentic:True; is_freeship_xtra:True; is_hero:False; is_top_brand:True; return_reason:any_reason,available,backorder,3300,1610,id:459929; name:Finish,id:101510; sku:4780593630642; name:hanoimart; store_id:94083; is_best_store:False; is_offline_installment_supported:None,max_sale_qty:1000; min_sale_qty:1; qty:1000,id:4399; name:Vệ sinh nhà bếp; is_leaf:False,3,0.0,0,"1:count_0,percent_0;2:count_0,percent_0;3:count_0,percent_0;4:count_0,percent_0;5:count_0,percent_0",2775,1/2/15078/4399/68148/68150,499000,499000,0,0,0,"[{'code': 'authentic_brand', 'icon': 'https://salt.tikicdn.com/ts/tka/69/cf/22/1be823299ae34c7ddcd922e73abd4909.png', 'icon_height': 20, 'icon_width': 89, 'placement': 'under_product_image', 'type': 'icon_badge'}, {'code': 'is_import', 'placement': 'above_product_name_2', 'text': 'Made in Japan', 'text_color': '#27272A', 'type': 'text_above_product_name'}, {'code': 'brand_name', 'placement': 'above_product_name', 'text': 'FINISH', 'text_color': '#808089', 'type': 'text_above_product_name'}, {'code': 'delivery_info_badge', 'placement': 'delivery_info', 'text': 'Giao thứ 7, 07/02', 'type': 'delivery_info_badge'}]","[{'code': 'product_image_badge', 'image': 'https://salt.tikicdn.com/ts/upload/f7/9e/83/ab28365ea395893fe5abac88b5103444.png', 'placement': 'badge_overlay_product_image', 'type': 'image_badge'}]",3.0,0,1,True
68300265,9090253188977,Nước rửa chén hữu cơ Bồ hòn Ecocare tinh dầu Vỏ Cam 4000ml,72511988,107429,is_authentic:True; is_freeship_xtra:False; is_hero:False; is_top_brand:False; return_reason:any_reason,available,backorder,3300,1958,id:454665; name:Ecocare,id:107429; sku:9090253188977; name:Goc Bep Xanh; store_id:99467; is_best_store:False; is_offline_installment_supported:None,max_sale_qty:1000; min_sale_qty:1; qty:1000,id:4395; name:Nước rửa chén; is_leaf:True,3,5.0,2,"1:count_0,percent_0;2:count_0,percent_0;3:count_0,percent_0;4:count_0,percent_0;5:count_2,percent_100",2775,1/2/15078/4399/68148/4395,415000,415000,0,0,0,"[{'code': 'authentic_brand', 'icon': 'https://salt.tikicdn.com/ts/tka/69/cf/22/1be823299ae34c7ddcd922e73abd4909.png', 'icon_height': 20, 'icon_width': 89, 'placement': 'under_product_image', 'type': 'icon_badge'}, {'code': 'brand_name', 'placement': 'above_product_name', 'text': 'ECOCARE', 'text_color': '#808089', 'type': 'text_above_product_name'}, {'code': 'delivery_info_badge', 'icon': 'https://salt.tikicdn.com/cache/w96/ts/tka/26/a2/90/0663718b1c04d15a46bf0f23874a7e01.png', 'icon_height': 16, 'icon_width': 32, 'placement': 'delivery_info', 'text': 'Giao chiều thứ 4, 04/02', 'type': 'delivery_info_badge'}]","[{'code': 'product_image_badge', 'image': 'https://salt.tikicdn.com/ts/upload/c2/bc/6d/ff18cc8968e2bbb43f7ac58efbfafdff.png', 'placement': 'badge_overlay_product_image', 'type': 'image_badge'}]",5.0,0,1,True
60890991,6073103719951,"Nước Rửa Chén Hữu Cơ Bồ Hòn Và Tinh Dầu Chanh Gừng 500ml Bảo Vệ Da Tay, An Toàn Cho Bé",60890992,20051,is_authentic:True; is_freeship_xtra:True; is_hero:False; is_top_brand:False; return_reason:any_reason,available,backorder,3300,1981,id:454665; name:Ecocare,id:20051; sku:6073103719951; name:Ecocare Việt Nam; store_id:19547; is_best_store:False; is_offline_installment_supported:None,max_sale_qty:1000; min_sale_qty:1; qty:1000,id:4395; name:Nước rửa chén; is_leaf:True,3,4.8,35,"1:count_0,percent_0;2:count_1,percent_2;3:count_1,percent_3;4:count_3,percent_9;5:count_30,percent_86",2775,1/2/15078/4399/68148/4395,79000,79000,0,0,0,"[{'code': 'authentic_brand', 'icon': 'https://salt.tikicdn.com/ts/tka/69/cf/22/1be823299ae34c7ddcd922e73abd4909.png', 'icon_height': 20, 'icon_width': 89, 'placement': 'under_product_image', 'type': 'icon_badge'}, {'code': 'video_icon', 'icon': 'https://salt.tikicdn.com/ts/upload/d5/f3/6f/fdd40db52ff4afe497d0c2240dcfd25b.png', 'icon_height': 28, 'icon_width': 28, 'placement': 'bottom_right', 'type': 'icon_badge'}, {'code': 'brand_name', 'placement': 'above_product_name', 'text': 'ECOCARE', 'text_color': '#808089', 'type': 'text_above_product_name'}, {'code': 'delivery_info_badge', 'placement': 'delivery_info', 'text': 'Giao thứ 6, 06/02', 'type': 'delivery_info_badge'}]","[{'code': 'product_image_badge', 'image': 'https://salt.tikicdn.com/ts/upload/f7/9e/83/ab28365ea395893fe5abac88b5103444.png', 'placement': 'badge_overlay_product_image', 'type': 'image_badge'}]",253.0,0,1,True
45998865,7698627041734,.Nước hoa xịt phòng cao cấp Paris by night 500ml,204346634,310375,is_authentic:True; is_freeship_xtra:True; is_hero:False; is_top_brand:False; return_reason:any_reason,available,backorder,3300,2227,id:50699; name:Hando,id:310375; sku:7698627041734; name:Dongmin Home; store_id:297939; is_best_store:False; is_offline_installment_supported:None,max_sale_qty:1000; min_sale_qty:1; qty:1000,id:4386; name:Vệ sinh nhà cửa; is_leaf:False,3,0.0,0,"1:count_0,percent_0;2:count_0,percent_0;3:count_0,percent_0;4:count_0,percent_0;5:count_0,percent_0",2877,1/2/15078/4386/8295/68152,35000,35000,0,0,0,"[{'code': 'authentic_brand', 'icon': 'https://salt.tikicdn.com/ts/tka/69/cf/22/1be823299ae34c7ddcd922e73abd4909.png', 'icon_height': 20, 'icon_width': 89, 'placement': 'under_product_image', 'type': 'icon_badge'}, {'code': 'video_icon', 'icon': 'https://salt.tikicdn.com/ts/upload/d5/f3/6f/fdd40db52ff4afe497d0c2240dcfd25b.png', 'icon_height': 28, 'icon_width': 28, 'placement': 'bottom_right', 'type': 'icon_badge'}, {'code': 'brand_name', 'placement': 'above_product_name', 'text': 'HANDO', 'text_color': '#808089', 'type': 'text_above_product_name'}, {'code': 'delivery_info_badge', 'placement': 'delivery_info', 'text': 'Giao thứ 6, 06/02', 'type': 'delivery_info_badge'}, {'arr_text': [{'value': '7 Mùi hương'}], 'code': 'variant_count', 'placement': 'under_rating_v2', 'text_color': '#808089', 'type': 'text_box'}]","[{'code': 'product_image_badge', 'image': 'https://salt.tikicdn.com/ts/upload/f7/9e/83/ab28365ea395893fe5abac88b5103444.png', 'placement': 'badge_overlay_product_image', 'type': 'image_badge'}]",,0,1,True
38116491,1792327767160,Combo 3 Chai Nước Tẩy Quần Áo Rocket Soap 600ml,45858606,55404,is_authentic:True; is_freeship_xtra:True; is_hero:False; is_top_brand:False; return_reason:any_reason,available,backorder,3300,2290,id:412177; name:Rocket Soap,id:55404; sku:1792327767160; name:KJ MART; store_id:52542; is_best_store:False; is_offline_installment_supported:None,max_sale_qty:1000; min_sale_qty:1; qty:1000,id:4387; name:Giặt giũ & Chăm sóc quần áo; is_leaf:False,3,4.5,2,"1:count_0,percent_0;2:count_0,percent_0;3:count_0,percent_0;4:count_1,percent_50;5:count_1,percent_50",2787,1/2/15078/4387/4405/68156,99000,99000,0,0,0,"[{'code': 'authentic_brand', 'icon': 'https://salt.tikicdn.com/ts/tka/69/cf/22/1be823299ae34c7ddcd922e73abd4909.png', 'icon_height': 20, 'icon_width': 89, 'placement': 'under_product_image', 'type': 'icon_badge'}, {'code': 'brand_name', 'placement': 'above_product_name', 'text': 'ROCKET SOAP', 'text_color': '#808089', 'type': 'text_above_product_name'}, {'code': 'delivery_info_badge', 'placement': 'delivery_info', 'text': 'Giao thứ 6, 06/02', 'type': 'delivery_info_badge'}]","[{'code': 'product_image_badge', 'image': 'https://salt.tikicdn.com/ts/upload/f7/9e/83/ab28365ea395893fe5abac88b5103444.png', 'placement': 'badge_overlay_product_image', 'type': 'image_badge'}]",9.0,0,1,True
25812119,6816463486961,Nước xịt lau bàn ăn hữu cơ Bồ hòn tinh dầu Quế 500ml,25812120,20051,is_authentic:True; is_freeship_xtra:True; is_hero:False; is_top_brand:False; return_reason:any_reason,available,backorder,3300,2358,id:454665; name:Ecocare,id:20051; sku:6816463486961; name:Ecocare Việt Nam; store_id:19547; is_best_store:False; is_offline_installment_supported:None,max_sale_qty:1000; min_sale_qty:1; qty:1000,id:4400; name:Vệ sinh nhà tắm; is_leaf:False,3,4.3,3,"1:count_0,percent_0;2:count_0,percent_0;3:count_1,percent_33;4:count_0,percent_0;5:count_2,percent_67",2901,1/2/15078/4400/10238,75000,75000,0,0,0,"[{'code': 'authentic_brand', 'icon': 'https://salt.tikicdn.com/ts/tka/69/cf/22/1be823299ae34c7ddcd922e73abd4909.png', 'icon_height': 20, 'icon_width': 89, 'placement': 'under_product_image', 'type': 'icon_badge'}, {'code': 'video_icon', 'icon': 'https://salt.tikicdn.com/ts/upload/d5/f3/6f/fdd40db52ff4afe497d0c2240dcfd25b.png', 'icon_height': 28, 'icon_width': 28, 'placement': 'bottom_right', 'type': 'icon_badge'}, {'code': 'brand_name', 'placement': 'above_product_name', 'text': 'ECOCARE', 'text_color': '#808089', 'type': 'text_above_product_name'}, {'code': 'delivery_info_badge', 'placement': 'delivery_info', 'text': 'Giao thứ 6, 06/02', 'type': 'delivery_info_badge'}]","[{'code': 'product_image_badge', 'image': 'https://salt.tikicdn.com/ts/upload/f7/9e/83/ab28365ea395893fe5abac88b5103444.png', 'placement': 'badge_overlay_product_image', 'type': 'image_badge'}]",86.0,0,1,True
20575143,2058694644965,Kẹp Thơm Khử Mùi Nhà Vệ Sinh - Clip Fresher USA,208408735,70252,is_authentic:True; is_freeship_xtra:True; is_hero:False; is_top_brand:False; return_reason:any_reason,available,backorder,3300,2412,id:157225; name:Fresh,id:70252; sku:2058694644965; name:ECOCLEAN VIETNAM; store_id:65577; is_best_store:False; is_offline_installment_supported:None,max_sale_qty:1000; min_sale_qty:1; qty:1000,id:4400; name:Vệ sinh nhà tắm; is_leaf:False,3,4.5,142,"1:count_4,percent_2;2:count_2,percent_1;3:count_9,percent_7;4:count_24,percent_17;5:count_103,percent_73",2901,1/2/15078/4400/10238,91000,91000,0,0,0,"[{'code': 'authentic_brand', 'icon': 'https://salt.tikicdn.com/ts/tka/69/cf/22/1be823299ae34c7ddcd922e73abd4909.png', 'icon_height': 20, 'icon_width': 89, 'placement': 'under_product_image', 'type': 'icon_badge'}, {'code': 'option_color', 'placement': 'under_rating', 'text': 'Nhiều màu', 'type': 'under_rating_text'}, {'code': 'is_import', 'placement': 'above_product_name_2', 'text': 'Made in USA', 'text_color': '#27272A', 'type': 'text_above_product_name'}, {'code': 'brand_name', 'placement': 'above_product_name', 'text': 'FRESH', 'text_color': '#808089', 'type': 'text_above_product_name'}, {'code': 'delivery_info_badge', 'placement': 'delivery_info', 'text': 'Giao thứ 4, 04/02', 'type': 'delivery_info_badge'}, {'arr_text': [{'value': '3 Màu sắc'}], 'code': 'variant_count', 'placement': 'under_rating_v2', 'text_color': '#808089', 'type': 'text_box'}]","[{'code': 'product_image_badge', 'image': 'https://salt.tikicdn.com/ts/upload/f7/9e/83/ab28365ea395893fe5abac88b5103444.png', 'placement': 'badge_overlay_product_image', 'type': 'image_badge'}]",1228.0,0,1,True
10766834,5547192865161,Chai Xịt Thơm Phòng SANDOKKAEBI Kháng Khuẩn (Hương Hoa Tử Đinh Hương)- Chính Hãng Hàn Quốc,27954112,7673,is_authentic:True; is_freeship_xtra:True; is_hero:False; is_top_brand:False; return_reason:any_reason,available,backorder,3300,2534,id:213169; name:Sandokkaebi,id:7673; sku:5547192865161; name:The True Japan; store_id:7493; is_best_store:False; is_offline_installment_supported:None,max_sale_qty:1000; min_sale_qty:1; qty:1000,id:4386; name:Vệ sinh nhà cửa; is_leaf:False,3,5.0,1,"1:count_0,percent_0;2:count_0,percent_0;3:count_0,percent_0;4:count_0,percent_0;5:count_1,percent_100",2877,1/2/15078/4386/8295/68152,65000,65000,0,0,0,"[{'code': 'authentic_brand', 'icon': 'https://salt.tikicdn.com/ts/tka/69/cf/22/1be823299ae34c7ddcd922e73abd4909.png', 'icon_height': 20, 'icon_width': 89, 'placement': 'under_product_image', 'type': 'icon_badge'}, {'code': 'brand_name', 'placement': 'above_product_name', 'text': 'SANDOKKAEBI', 'text_color': '#808089', 'type': 'text_above_product_name'}, {'code': 'delivery_info_badge', 'placement': 'delivery_info', 'text': 'Giao thứ 6, 06/02', 'type': 'delivery_info_badge'}, {'arr_text': [{'value': '4 Số lượng'}], 'code': 'variant_count', 'placement': 'under_rating_v2', 'text_color': '#808089', 'type': 'text_box'}]","[{'code': 'product_image_badge', 'image': 'https://salt.tikicdn.com/ts/upload/f7/9e/83/ab28365ea395893fe5abac88b5103444.png', 'placement': 'badge_overlay_product_image', 'type': 'image_badge'}]",9.0,0,1,True
3904895,3822763001639,Combo 2 túi nước rửa chén hương táo loại túi 500 ml Rocket nội địa Nhật Bản,34977265,55404,is_authentic:True; is_freeship_xtra:True; is_hero:False; is_top_brand:False; return_reason:any_reason,available,backorder,3300,2715,id:112979; name:Rocket,id:55404; sku:3822763001639; name:KJ MART; store_id:52542; is_best_store:False; is_offline_installment_supported:None,max_sale_qty:1000; min_sale_qty:1; qty:1000,id:4395; name:Nước rửa chén; is_leaf:True,3,5.0,3,"1:count_0,percent_0;2:count_0,percent_0;3:count_0,percent_0;4:count_0,percent_0;5:count_3,percent_100",2775,1/2/15078/4399/68148/4395,76000,76000,0,0,0,"[{'code': 'authentic_brand', 'icon': 'https://salt.tikicdn.com/ts/tka/69/cf/22/1be823299ae34c7ddcd922e73abd4909.png', 'icon_height': 20, 'icon_width': 89, 'placement': 'under_product_image', 'type': 'icon_badge'}, {'code': 'is_import', 'placement': 'above_product_name_2', 'text': 'Made in Japan', 'text_color': '#27272A', 'type': 'text_above_product_name'}, {'code': 'brand_name', 'placement': 'above_product_name', 'text': 'ROCKET', 'text_color': '#808089', 'type': 'text_above_product_name'}, {'code': 'delivery_info_badge', 'placement': 'delivery_info', 'text': 'Giao thứ 6, 06/02', 'type': 'delivery_info_badge'}]","[{'code': 'product_image_badge', 'image': 'https://salt.tikicdn.com/ts/upload/f7/9e/83/ab28365ea395893fe5abac88b5103444.png', 'placement': 'badge_overlay_product_image', 'type': 'image_badge'}]",39.0,0,1,True
2153231,7353916545701,Nước tẩy quần áo 600ml Rocket nội địa Nhật Bản,33250817,55404,is_authentic:True; is_freeship_xtra:True; is_hero:False; is_top_brand:False; return_reason:any_reason,available,backorder,3300,2819,id:112979; name:Rocket,id:55404; sku:7353916545701; name:KJ MART; store_id:52542; is_best_store:False; is_offline_installment_supported:None,max_sale_qty:1000; min_sale_qty:1; qty:1000,id:4387; name:Giặt giũ & Chăm sóc quần áo; is_leaf:False,3,0.0,0,"1:count_0,percent_0;2:count_0,percent_0;3:count_0,percent_0;4:count_0,percent_0;5:count_0,percent_0",2787,1/2/15078/4387/4405/68156,32000,32000,0,0,0,"[{'code': 'authentic_brand', 'icon': 'https://salt.tikicdn.com/ts/tka/69/cf/22/1be823299ae34c7ddcd922e73abd4909.png', 'icon_height': 20, 'icon_width': 89, 'placement': 'under_product_image', 'type': 'icon_badge'}, {'code': 'is_import', 'placement': 'above_product_name_2', 'text': 'Made in Japan', 'text_color': '#27272A', 'type': 'text_above_product_name'}, {'code': 'brand_name', 'placement': 'above_product_name', 'text': 'ROCKET', 'text_color': '#808089', 'type': 'text_above_product_name'}, {'code': 'delivery_info_badge', 'placement': 'delivery_info', 'text': 'Giao thứ 6, 06/02', 'type': 'delivery_info_badge'}]","[{'code': 'product_image_badge', 'image': 'https://salt.tikicdn.com/ts/upload/f7/9e/83/ab28365ea395893fe5abac88b5103444.png', 'placement': 'badge_overlay_product_image', 'type': 'image_badge'}]",5.0,0,1,True
